{
  "token_acc":1.0,
  "token_p":1.0,
  "token_r":1.0,
  "token_f":1.0,
  "ents_p":0.0954198473,
  "ents_r":0.0679347826,
  "ents_f":0.0793650794,
  "ents_per_type":{
    "VEHICLE":{
      "p":0.0263157895,
      "r":0.0322580645,
      "f":0.0289855072
    },
    "CONDITIONS":{
      "p":0.0,
      "r":0.0,
      "f":0.0
    },
    "PRODUCT":{
      "p":0.09375,
      "r":0.0923076923,
      "f":0.0930232558
    },
    "CONCERN":{
      "p":0.1,
      "r":0.0416666667,
      "f":0.0588235294
    },
    "MISC":{
      "p":0.0,
      "r":0.0,
      "f":0.0
    },
    "USERDEVICE":{
      "p":0.0,
      "r":0.0,
      "f":0.0
    },
    "DATETIME":{
      "p":0.137254902,
      "r":0.1707317073,
      "f":0.152173913
    },
    "PERSON":{
      "p":0.1111111111,
      "r":0.0508474576,
      "f":0.0697674419
    },
    "LOCATION":{
      "p":0.1111111111,
      "r":0.03125,
      "f":0.0487804878
    },
    "ROUTE":{
      "p":0.2083333333,
      "r":0.1470588235,
      "f":0.1724137931
    },
    "ORGANIZATION":{
      "p":0.1666666667,
      "r":0.1428571429,
      "f":0.1538461538
    },
    "NAMEDTIME":{
      "p":0.0,
      "r":0.0,
      "f":0.0
    }
  },
  "speed":6222.2751185491
}